{
    "Indian_pines": {
        "path": "Indian_pines",
        "file_name": "Indian_pines_corrected.mat",
        "mat_name": "indian_pines_corrected",
        "gt_file_name": "Indian_pines_gt.mat",
        "gt_mat_name": "indian_pines_gt",
        "image_width": 145,
        "image_height": 145,
        "bands_num": 200,
        "num_classes": 16,
        "url": [
            "https://www.ehu.eus/ccwintco/uploads/6/67/Indian_pines_corrected.mat",
            "https://www.ehu.eus/ccwintco/uploads/c/c4/Indian_pines_gt.mat"
        ]
    },
    "PaviaU": {
        "path": "PaviaU",
        "file_name": "PaviaU.mat",
        "mat_name": "paviaU",
        "gt_file_name": "PaviaU_gt.mat",
        "gt_mat_name": "paviaU_gt",
        "image_width": 610,
        "image_height": 340,
        "bands_num": 103,
        "num_classes": 9,
        "url": [
            "https://www.ehu.eus/ccwintco/uploads/e/ee/PaviaU.mat",
            "https://www.ehu.eus/ccwintco/uploads/5/50/PaviaU_gt.mat"
        ]
    },
    "PaviaC": {
        "path": "PaviaC",
        "file_name": "Pavia.mat",
        "mat_name": "pavia",
        "gt_file_name": "Pavia_gt.mat",
        "gt_mat_name": "pavia_gt",
        "image_width": 1096,
        "image_height": 715,
        "bands_num": 102,
        "num_classes": 9,
        "url": [
            "https://www.ehu.eus/ccwintco/uploads/e/e3/Pavia.mat",
            "https://www.ehu.eus/ccwintco/uploads/5/53/Pavia_gt.mat"
        ]
    },
    "Salinas": {
        "path": "Salinas",
        "file_name": "Salinas_corrected.mat",
        "mat_name": "salinas_corrected",
        "gt_file_name": "Salinas_gt.mat",
        "gt_mat_name": "salinas_gt",
        "image_width": 512,
        "image_height": 217,
        "bands_num": 204,
        "num_classes": 16,
        "url": [
            "https://www.ehu.eus/ccwintco/uploads/a/a3/Salinas_corrected.mat",
            "https://www.ehu.eus/ccwintco/uploads/f/fa/Salinas_gt.mat"
        ]
    },
    "SalinasA": {
        "path": "Salinas",
        "file_name": "SalinasA_corrected.mat",
        "mat_name": "salinasA_corrected",
        "gt_file_name": "SalinasA_gt.mat",
        "gt_mat_name": "salinasA_gt",
        "image_width": 83,
        "image_height": 86,
        "bands_num": 204,
        "num_classes": 16,
        "url": [
            "https://www.ehu.eus/ccwintco/uploads/1/1a/SalinasA_corrected.mat",
            "https://www.ehu.eus/ccwintco/uploads/a/aa/SalinasA_gt.mat"
        ]
    },
    "Houston13": {
        "path": "Houston13",
        "file_name": "Houston.mat",
        "mat_name": "Houston",
        "gt_file_name": "Houston_gt.mat",
        "gt_mat_name": "Houston_gt",
        "image_width": 349,
        "image_height": 1905,
        "bands_num": 144,
        "num_classes": 15,
        "url": []
    },
    "KSC": {
        "path": "KSC",
        "file_name": "KSC.mat",
        "mat_name": "KSC",
        "gt_file_name": "KSC_gt.mat",
        "gt_mat_name": "KSC_gt",
        "image_width": 512,
        "image_height": 614,
        "bands_num": 176,
        "num_classes": 13,
        "url": [
            "http://www.ehu.es/ccwintco/uploads/2/26/KSC.mat",
            "http://www.ehu.es/ccwintco/uploads/a/a6/KSC_gt.mat"
        ]
    },
    "Botswana": {
        "path": "Botswana",
        "file_name": "Botswana.mat",
        "mat_name": "Botswana",
        "gt_file_name": "Botswana_gt.mat",
        "gt_mat_name": "Botswana_gt",
        "image_width": 1476,
        "image_height": 256,
        "bands_num": 145,
        "num_classes": 14,
        "url": [
            "http://www.ehu.es/ccwintco/uploads/7/72/Botswana.mat",
            "http://www.ehu.es/ccwintco/uploads/5/58/Botswana_gt.mat"
        ]
    },
    "PaviaU15": {
        "path": "PaviaU15",
        "type": "npy",
        "file_name": "paviaU_im.npy",
        "gt_file_name": "paviaU_gt15.npy",
        "bands_num": 103,
        "num_classes": 15,
        "url": []
    },
    "Houston13_7gt": {
        "path": "Houston_7gt",
        "norm": true,
        "file_name": "Houston13.mat",
        "mat_name": "ori_data",
        "gt_file_name": "Houston13_7gt.mat",
        "gt_mat_name": "map",
        "image_width": 210,
        "image_height": 954,
        "bands_num": 48,
        "num_classes": 7,
        "url": []
    },
    "Houston18_7gt": {
        "path": "Houston_7gt",
        "norm": true,
        "file_name": "Houston18.mat",
        "mat_name": "ori_data",
        "gt_file_name": "Houston18_7gt.mat",
        "gt_mat_name": "map",
        "image_width": 210,
        "image_height": 954,
        "bands_num": 48,
        "num_classes": 7,
        "url": []
    },
    "PaviaU_7gt": {
        "path": "Pavia_7gt",
        "file_name": "paviaU.mat",
        "mat_name": "paviaU",
        "gt_file_name": "paviaU_gt_7.mat",
        "gt_mat_name": "paviaU_gt_7",
        "image_width": 610,
        "image_height": 340,
        "bands_num": 102,
        "num_classes": 7,
        "url": []
    },
    "PaviaC_7gt": {
        "path": "Pavia_7gt",
        "file_name": "pavia.mat",
        "mat_name": "pavia",
        "gt_file_name": "pavia_gt_7.mat",
        "gt_mat_name": "pavia_gt_7",
        "image_width": 1096,
        "image_height": 715,
        "bands_num": 102,
        "num_classes": 7,
        "url": []
    },
    "shanghai": {
        "path": "shanghai-hangzhou",
        "file_name": "DataCube.mat",
        "mat_name": "DataCube1",
        "gt_file_name": "DataCube.mat",
        "gt_mat_name": "gt1",
        "image_width": 1600,
        "image_height": 230,
        "bands_num": 198,
        "num_classes": 3,
        "url": []
    },
    "hangzhou": {
        "path": "shanghai-hangzhou",
        "file_name": "DataCube.mat",
        "mat_name": "DataCube2",
        "gt_file_name": "DataCube.mat",
        "gt_mat_name": "gt2",
        "image_width": 590,
        "image_height": 230,
        "bands_num": 198,
        "num_classes": 3,
        "url": []
    },
    "Indian_7gt_1": {
        "path": "Indian_7gt",
        "file_name": "DataCube.mat",
        "mat_name": "DataCube1",
        "gt_file_name": "DataCube.mat",
        "gt_mat_name": "gt1",
        "image_width": 300,
        "image_height": 400,
        "bands_num": 220,
        "num_classes": 7,
        "url": []
    },
    "Indian_7gt_2": {
        "path": "Indian_7gt",
        "file_name": "DataCube.mat",
        "mat_name": "DataCube2",
        "gt_file_name": "DataCube.mat",
        "gt_mat_name": "gt2",
        "image_width": 300,
        "image_height": 400,
        "bands_num": 220,
        "num_classes": 7,
        "url": []
    },
    "HyRank_source":{
        "path": "HyRANK",
        "file_name": "Dioni.mat",
        "mat_name": "ori_data",
        "gt_file_name": "Dioni_gt_out68.mat",
        "gt_mat_name": "map",
        "image_width": 250,
        "image_height": 1376,
        "bands_num": 176,
        "num_classes": 12,
        "url": []
    },
    "HyRank_target":{
        "path": "HyRANK",
        "file_name": "Loukia.mat",
        "mat_name": "ori_data",
        "gt_file_name": "Loukia_gt_out68.mat",
        "gt_mat_name": "map",
        "image_width": 249,
        "image_height": 945,
        "bands_num": 176,
        "num_classes": 12,
        "url": []
    },
    "Huanghe": {
        "path": "Huanghe",
        "file_name": "ZY_hhk_0628_data_samples.mat",
        "mat_name": "ZY_hhk_0628_data",
        "gt_file_name": "ZY_hhk_0628_data_samples.mat",
        "gt_mat_name": "data_gt",
        "image_width": 1147,
        "image_height": 1600,
        "bands_num": 119,
        "num_classes": 23,
        "url": []
    },
    "Yancheng": {
        "path": "Yancheng",
        "file_name": "zy_yc_0609_data_samples.mat",
        "mat_name": "zy_yc_0906_data",
        "gt_file_name": "zy_yc_0609_data_samples.mat",
        "gt_mat_name": "zy_yc_0906_samples",
        "image_width": 1398,
        "image_height": 942,
        "bands_num": 147,
        "num_classes": 16,
        "url": []
    },
    "Huanghe_npy": {
        "comment": "gt重新排列",
        "path": "Huanghe",
        "type": "npy",
        "file_name": "huanghe.npy",
        "gt_file_name": "huanghe_gt.npy",
        "image_width": 1147,
        "image_height": 1600,
        "bands_num": 119,
        "num_classes": 23,
        "url": []
    },
    "Yancheng_npy": {
        "comment": "gt重新排列",
        "path": "Yancheng",
        "type": "npy",
        "file_name": "yancheng.npy",
        "gt_file_name": "yancheng_gt.npy",
        "image_width": 1398,
        "image_height": 942,
        "bands_num": 147,
        "num_classes": 16,
        "url": []
    },
    "Huanghe_reset": {
        "comment": "pca处理数据, gt重新排列",
        "path": "Huanghe",
        "type": "npy",
        "file_name": "huanghe_data.npy",
        "gt_file_name": "huanghe_gt.npy",
        "image_width": 1147,
        "image_height": 1600,
        "bands_num": 30,
        "num_classes": 23,
        "url": []
    },
    "Yancheng_reset": {
        "comment": "pca处理数据, gt重新排列",
        "path": "Yancheng",
        "type": "npy",
        "file_name": "yancheng_data.npy",
        "gt_file_name": "yancheng_gt.npy",
        "image_width": 1398,
        "image_height": 942,
        "bands_num": 30,
        "num_classes": 16,
        "url": []
    },
    "Huanghe_select": {
        "comment": "选择Huanghe和Yancheng的相同波段, gt重新排列",
        "path": "Huanghe",
        "type": "npy",
        "file_name": "huanghe_select.npy",
        "gt_file_name": "huanghe_gt.npy",
        "image_width": 1147,
        "image_height": 1600,
        "bands_num": 119,
        "num_classes": 23,
        "url": []
    },
    "Yancheng_select": {
        "comment": "选择Huanghe和Yancheng的相同波段, gt重新排列",
        "path": "Yancheng",
        "type": "npy",
        "file_name": "yancheng_select.npy",
        "gt_file_name": "yancheng_gt.npy",
        "image_width": 1398,
        "image_height": 942,
        "bands_num": 119,
        "num_classes": 16,
        "url": []
    },
    "PaviaC_OS": {
        "path": "PaviaC",
        "type": "npy",
        "file_name": "PaviaC_OS.npy",
        "gt_file_name": "PaviaC_OS_gt.npy",
        "image_width": 1096,
        "image_height": 715,
        "bands_num": 102,
        "num_classes": 9,
        "url": []
    },
    "Houston18_OS": {
        "path": "Houston18",
        "type": "npy",
        "file_name": "Houston18_OS.npy",
        "gt_file_name": "Houston18_OS_gt.npy",
        "image_width": 2384,
        "image_height": 601,
        "bands_num": 48,
        "num_classes": 19,
        "url": []
    },
    "Dioni": {
        "comment": "原始数据集, 第6类和第8类的样本数为0",
        "path": "HyRANK",
        "type": "tif",
        "file_name": "Dioni.tif",
        "gt_file_name": "Dioni_GT.tif",
        "image_width": 250,
        "image_height": 1376,
        "bands_num": 176,
        "num_classes": 14,
        "url": []
    },
    "Loukia": {
        "comment": "原始数据集, 第6类和第8类有样本",
        "path": "HyRANK",
        "type": "tif",
        "file_name": "Loukia.tif",
        "gt_file_name": "Loukia_GT.tif",
        "image_width": 249,
        "image_height": 945,
        "bands_num": 176,
        "num_classes": 14,
        "url": []
    }
}